name,address,experience,skills,sal_from,sal_to
Начинающий специалист по работе с нейросетям,Санкт-Петербург,От 1 года до 3 лет,"Разработка технических заданий, Python, Сбор и анализ информации, Midjorney, Внедрение нейросетей, Нейросеть, ChatGPT, Работа в команде, Обучение и развитие, Stabile Diffusion, Работа с большим объемом информации",55000,60000
Junior Data Engineer,Нижний Новгород,От 1 года до 3 лет,"SQL, jvm, Hadoop",150000,200000
ML-инженер,Москва,Нет опыта,"Знания математики, алгоритмов, структур данных, классического ML, CNN, YOLO, U-Net, ViT, Word2Vec, fasttext, RNN, трансформеры, Python, Linux, SQL, Git, PyTorch, TensorFlow",150000,170000
Data Scientist,Москва,От 1 года до 3 лет,"Python, Machine Learning, Математическое моделирование, Spark, Data Science, Математическая статистика",180000,200000
Python Developer (Junior),Томск,От 1 года до 3 лет,"Python, Git, ООП, MySQL",60000,110000
Data Scientist (NLP),Москва,От 3 до 6 лет,"Python, NLP, Artificial intelligence, Искусственный интеллект, Machine Learning, Машинное обучение, Обработка естественного языка, Data science, Language Processing, Natural, ООП",200000,400000
Специалист по работе с нейронными сетями\Promt инженер,Москва,От 1 года до 3 лет,"Большой интерес к инновациям в области медиа и технологий, Знание рынка существующих нейронных сетей и вариантов их применения, Проактивная позиция в вопросе применения нейронных сетей для задач производственной компании, Желание исследовать и креативить, Системное мышление, внимательность, нацеленность на результат, умение работать в команде, ответственность, Высшее образование, Аналитический склад",280000,330000
Junior / Middle ML Engineer (Data Scientist),Москва,От 1 года до 3 лет,"Python, Pandas, NumPy, Transformers, openai, LangChain, SQL, Понимание принципов классического ML и погружение в современные нейросетевые архитектуры: трансформеры, bert, gpt, Умение использовать LLM - промптинг, файнтюнинг.",170000,180000
ML engineer,Москва,От 1 года до 3 лет,"Уверенное владение Python;   Уверенное владение PyTorch;   Знание библиотек для машинного обучения (Scikit-learn, Pandas, Matplotlib, Numpy, Scipy);   Опыт работы с нейросетями в CV от 2-х лет;   Знание алгоритмов ML, основных архитектур моделей CV, и понимание критериев оценки их работы;   Умение делать рисерч, читать статьи на arxiv и воплощать их идеи в рабочий код;   Понимание того, как выстроить pipeline от сырых неразмеченных данных до готовой модели;   Будет плюсом:   Опыт работы над задачами в области медицины;   Опыт работы с медицинскими изображениями;   Понимание и опыт работы с DICOM и Nifti;   Опыт настройки пайплайнов разметки данных;   Успешный опыт участия в соревнованиях типа Kaggle;   Широкое и глубокое понимание как вообще работает ML, практический опыт в разных областях - CV, NLP, Tabular, RL.",200000,250000
Senior Machine Learning Engineer,Москва,От 3 до 6 лет,"Machine Learning, Python, numpy, pandas, matplotlib, seaborn, Обучение нейронных сетей, TensorFlow, CNTK, Keras, PyTorch, Caffe, Nvidia TLT, Linux",350000,570000
Computer vision инженер,Москва,От 3 до 6 лет,"Опыт в компьютерном зрении от 3 лет, Уверенные знания машинного обучения и особенно deep learning, Python и его dl-стэк - pytorch, tensorflow (huggingface - плюс), Знать состояние генеративных моделей в CV и опыт работы с диффузионными моделями.",200000,300000
Data Scientist,Москва,От 3 до 6 лет,"Python, SQL, Обучение и развитие, Машинное обучение, Data Science",270000,300000
Data Scientist (Junior/middle),Екатеринбург,От 1 года до 3 лет,"Python, Математическая статистика, Английский язык, sklearn, Статистический анализ",180000,200000
Computer Vision Engineer 2/2 (удаленно),Московская область,От 1 года до 3 лет,"Pytorch, TensorFlow, Python",200000,250000
Data Scientist (CV),Екатеринбург,От 1 года до 3 лет,"Python, TensorFlow, NLP, PyTorch, ML алгоритмы, ML, CV, Работа с данными, предиктивные модели",130000,140000
Стажер ML-инженер,Москва,Нет опыта,"Знание основ SQL, Базовое знание Python, Знание основных алгоритмов машинного обучения и ключевых метрик (бинарная классификация/линейная регрессия) ",280000,300000
ML специалист,Москва,От 3 до 6 лет,"Pytorch, TensorFlow, OpenVino, OpenCV, Pandas, NumPy, scipy, GPU, S3, LLM",200000,200000
Стажер Data analyst,Москва,Нет опыта,"Писать SQL-запросы (у нас Greenplum), Анализировать данные на Python (с использованием библиотек pandas, numpy, matplotlib и т.п.), Считать p-value в AB-тестах",55000,55000
Data Scientist,Москва,От 1 года до 3 лет,"знания Python на хорошем уровне, в том числе популярные библиотеки (TensorFlow, PyTorch, Keras, spaCy, Pandas, NumPy и другие); знания особенности анализа и прогнозирования временных рядов; опыт работы в DS не менее 3 лет, опыт на позиции middle/senior DS не менее 2 лет; SQL (написание запросов, понимание принципов организации БД); навыки работы с количественной информацией, знания теории вероятностей и математической статистики.",70000,100000
ML-разработчик/Data Scientist,Санкт-Петербург,От 1 года до 3 лет,"Python, Linux, NLP, ML, TensorFlow, PyTorch",300000,350000
Стажёр - Дата аналитик,Москва,Нет опыта,"Обучение и развитие, Аналитика, Системное мышление, Аналитическое мышление, Внутренние коммуникации, Python, Математическая статистика, MS SQL, Data Analysis, Базы данных, Git, NLP, ML, Machine Learning, Машинное обучение, A/B тесты",150000,180000
Data Scientist,Екатеринбург,От 1 года до 3 лет,"Уверенное владение Python;   Знание SQL/NoSQL-запросов;   Знание методов и технологий Machine Learning, Data Mining;   Технический английский.   Будет плюсом:   Опыт работы с инструментами полного цикла работы ML моделей;   Опыт работы с большими данными и системами распределенных вычислений mapreduce Hadoop/Spark;   Работа с задачами обработки естественного языка;   Работа с Docker.",200000,250000
Data Engineer,Москва,От 1 года до 3 лет,"Python, SQL, ClickHouse, Airflow",200000,220000
Специалист по работе с данными,Астрахань,От 3 до 6 лет,"SQL, Сбор и анализ информации, Работа с базами данных",150000,200000
Data Scientist,Санкт-Петербург,От 3 до 6 лет,"знание Data Science процессов; знание и понимание подходов обучения с учителем и обучения без учителя; умение проводить Data Science эксперименты от формулирования гипотезы до анализа; результатов и описания выводов; умение работать с большими объемами данных; умение визуализировать данные в matplotlib, seaborn и plotly; умение демонстрировать результаты работы руководству и другим коллегам; высшее образование (математика, физика); умение и готовность самостоятельно собирать отчеты из разных систем; опыт работы в Data Science от 3х лет; уверенные теоретические знания ML; уверенное владение python; SQL средний уровень; умение работать как в команде, так и самостоятельно. ",100000,130000
Machine learning engineer,Москва,От 3 до 6 лет,Хорошие навыки разработки на Python,270000,350000
Инженер по искусственному интеллекту (middle/senior),Нижний Новгород,От 3 до 6 лет,"Глубокие знания Python, эмбеддингов, pytests Опыт обучения нейронных сетей Понимание архитектуры современных языковых моделей (langchain, RAG)",150000,200000
Computer vision Data Engineer,Москва,От 1 года до 3 лет,"Python, Tensorflow, OpenCV, Keras, Numpy",120000,170000
Data Analyst,Казань,От 1 года до 3 лет,"Python, SQL, Linux",180000,230000
Junior Data Analyst,Москва,От 1 года до 3 лет,"Отличное знание SQL: написания запросов, хранимых процедур, уверенное владение агрегирующими и оконными функциями, оптимизация запросов; Знание основ программирования (Python), опыт работы с экосистемой Hadoop (HDFS, Spark); Понимание основных концепций DWH, реляционных БД; Дополнительным преимуществом будет понимание методов и подходов машинного обучения",180000,230000
Data Scientist,Москва,От 1 года до 3 лет,"Python, SQL, PostgreSQL, Анализ данных, ORACLE, Git",270000,300000
Data scientist ML,Москва,От 1 года до 3 лет,"Python, SQL, Airflow, Hadoop, Git",70000,100000
Data Scientist,Москва,От 1 года до 3 лет,"DL фреймворки, NLP",210000,240000
"Математик-разработчик (Data Scientist), Маркетплейс, Цены и анализ конкурентов",Москва,От 1 года до 3 лет,"Python, Data science, IT, PySpark",120000,170000
Solution engineer (Junior),Москва,Нет опыта,"Python, SQL, bash",100000,120000
Data Scientist,Москва,От 1 года до 3 лет,"ML, Python, Machine Learning",300000,320000
Дата аналитик (Data Scientist),Новосибирск,От 1 года до 3 лет,"Python,  Linux, Jupyter notebook, git, SQL, matplotlib, pandas, numpy",55000,90000
Инженер данных,Казань,От 1 года до 3 лет,"Хорошее знание языков SQL, Python; Опыт работы с базами данных, с продуктами класса ETL, MPP; Знание архитектуры распределенных хранилищ данных; Опыт обогащения данных, интеграции смежных источников данных Опыт работы с серверными дистрибутивами ОС Linux – настройка сетевых интерфейсов, межсетевого экрана, управления разделами диска, мониторинга производительности, управления файловой системой Продвинутый уровень владения табличным процессором (MS Excel, OpenOffice/LibreOffice Calc, и т.п.), текстовым редактором (MS Word, OpenOffice/LibreOffice Writer и т.п.)",180000,230000
Дата Сайнтист,Москва,От 1 года до 3 лет,"TensorFlow, PyTorch, Keras, spaCy, Pandas, NumPy",180000,190000
Стажёр - Data Scientist,Москва,Нет опыта,"Обучение и развитие, Аналитика, Системное мышление, Аналитическое мышление, Внутренние коммуникации, Python, Математическая статистика, MS SQL, Data Analysis, Базы данных, Git, Bash, NLP, ML, Machine Learning, Машинное обучение",200000,250000
Data Scientist,Новосибирск,От 1 года до 3 лет,"Python, SQL, ML, A/B тесты",150000,250000
Data Scientist,Казань,От 1 года до 3 лет,"Python, ClickHouse, SQL, Airflow",200000,250000
Эксперт по моделированию и анализу данных / Data Scientist,Москва,От 1 года до 3 лет,"SQL, Git, Python, Анализ данных, Моделирование",300000,310000
Prompt Engineer в Startup-студию (Remote),Московская область,От 1 года до 3 лет,"Python, ML, ML/DS, NLP, OCR, Data Science, LLM, Prompt Engineering, AWS, ML Ops",200000,400000
Data Scientist,Московская область,От 1 года до 3 лет,"Python, Big Data, Machine Learning, NLP, Data Science, ML, SQL, Pandas",200000,250000
CV / ML разработчик,Санкт-Петербург,От 1 года до 3 лет,"CV, mmdet, detectron2, Python, ML, Docret, Tryton",150000,200000
Data-Scientist (международное направление),Новосибирск,От 1 года до 3 лет,"SQL, Python, Big Data, Machine Learning, Работа с базами данных, Математическая статистика, Бизнес статистика",150000,180000
Data Engineer,Москва,От 1 года до 3 лет,"Уверенное владение SQL (аналитические функции, подзапросы, хранимые процедуры/функции, оптимизация производительности) - Обязателено иметь опыт работы с реляционными базами данных (PostgreSQL) - Опыт использования экосистемы Hadoop: HDFS, Spark, Hive - Умение оптимизировать программный код в соответствии с особенностями архитектур хранения данных - Продвинутые аналитические навыки и вариативное видение решения задач - Ориентация на достижение результата, внимательность к деталям, коммуникабельность",130000,160000
Data Scientist Управления модельных рисков и валидации,Санкт-Петербург,От 1 года до 3 лет,"Математическое моделирование, Анализ данных, Статистический анализ, Валидация моделей, Модельный риск, SQL",270000,320000
"ML разработчик, B2B",Московская область,От 3 до 6 лет,"Python, Pyspark, Финансы, IT",300000,320000
Data Scientist (сопровождение процесса разработки и использования моделей),Санкт-Петербург,От 1 года до 3 лет,"Оценка рисков, MS PowerPoint, Статистический анализ, Управление рисками, Математическое моделирование, PD, LGD, EAD, SQL, Портфельные риски, кредитные риски",130000,150000
Data Science,Москва,От 1 года до 3 лет,"SQL, Аналитика, Сбор и анализ информации, Аналитическое мышление, Системный анализ, Анализ данных, SPL, Визуализация, Работа с базами данных, Подготовка презентаций, Работа с большим объемом информации, Базы данных, Страхование",270000,340000
Data Scientist,Новосибирск,От 1 года до 3 лет,"Python, Pandas, SQL",270000,300000
Data Engineer (ETL),Екатеринбург,От 1 года до 3 лет,"ETL, MS SQL Server, ORACLE, ApacheAirflow",150000,200000
Cпециалист-исследователь в области обработки аудиосигналов и текста,Нижний Новгород,От 1 года до 3 лет,"Python, PyTorch, NLP, NER, Machine Learning",130000,160000
Data Scientist,Казань,От 3 до 6 лет,Python,55000,85000
Data Scientist (LLM),Екатеринбург,От 1 года до 3 лет,"NLP, Python, ML, PyTorch, REST, LLM",200000,300000
AI Engineer,Московская область,От 3 до 6 лет,"NLP, Computer Vision, Python, LLM",100000,150000
Аналитик-разработчик,Москва,От 3 до 6 лет,"Python, LLM, Speech",270000,300000
Data engineer,Москва,От 1 года до 3 лет,"SQL на профессиональном уровне, включая оптимизацию запросов Опыт интеграции систем, загрузки и трансформации данных (ETL) Опыт работы с качеством данных (очистка данных, процедуры Data Quality) Знание принципов работы BI-систем, построения аналитических панелей Профессиональный пользователь Excel (сводные таблицы, формулы, ВПР Базовые знания) принципов построения системной архитектуры, архитектуры данных, работы с базами данных Опыт настройки взаимодействия систем (REST API, ODBC/JDBC) Желателен опыт работы с любым BI - Qlik, Tableau, Power BI, NiFi и/или Airflow/DBT, навыки работы с Python",100000,150000
Data Scientist,Тюмень,От 1 года до 3 лет,"sklearn, scipy, pytorch, Git, Docker",55000,105000
Лидер команды (разработка моделей для малого бизнеса),Москва,От 3 до 6 лет,"Управление командой, SQL, Python, Моделирование, Data science",150000,200000
Data scientist (Анализ ГИС данных),Екатеринбург,От 3 до 6 лет,ArcGIS QGIS Git/Gitlab Python пространственные базы данных Agile,100000,110000
Дата аналитик (Data Scientist),Томск,От 1 года до 3 лет,"опыт работы с задачами машинного обучения/ опыт статистической обработки данных от 1,5 лет;   опыт разработки на Python, опыт code review;   опыт работы с библиотеками для анализа данных: pandas, matplotlib, numpy, sklearn;   уверенные навыки использования Linux, Jupyter notebook, git, SQL;   знание основных моделей машинного обучения: градиентный бустинг на основе деревьев решений, логистическая регрессия с регуляризацией, метод ближайших соседей",130000,200000
Аналитик данных / Data analyst,Сочи,От 3 до 6 лет,"Power BI, СУБД, SQL, DataLens, Базы данных, Аналитическое мышление, Сбор и анализ информации, Анализ данных, Python",180000,230000
Дата аналитик (Data Scientist),Санкт-Петербург,От 1 года до 3 лет,"опыт работы с задачами машинного обучения/ опыт статистической обработки данных от 1,5 лет;   опыт разработки на Python, опыт code review;   опыт работы с библиотеками для анализа данных: pandas, matplotlib, numpy, sklearn;   уверенные навыки использования Linux, Jupyter notebook, git, SQL;   знание основных моделей машинного обучения: градиентный бустинг на основе деревьев решений, логистическая регрессия с регуляризацией, метод ближайших соседей",150000,170000
Data Engineer (ETL),Москва,От 1 года до 3 лет,"ETL, MS SQL Server, ORACLE, ApacheAirflow",280000,330000
Дата аналитик (Data Scientist),Новосибирск,От 1 года до 3 лет,"опыт работы с задачами машинного обучения/ опыт статистической обработки данных от 1,5 лет;   опыт разработки на Python, опыт code review;   опыт работы с библиотеками для анализа данных: pandas, matplotlib, numpy, sklearn;   уверенные навыки использования Linux, Jupyter notebook, git, SQL;   знание основных моделей машинного обучения: градиентный бустинг на основе деревьев решений, логистическая регрессия с регуляризацией, метод ближайших соседей",100000,130000
ML-разработчик,Екатеринбург,От 3 до 6 лет,"Python, Machine Learning, RecSys, C++, ML, Data Science",300000,330000
Data scientist NLP,Москва,От 1 года до 3 лет,"Работа с одним из фреймворков PyTorch/TensorFlow; Знание основных подходов для предобработки и векторизации текста; Наличие опыта решения задач NLP для текста (Text Classification, NER, Text Summarization); Знакомство и понимание основных принципов современных SOTA моделей NLP; Владение: git, docker, sql и одним из фреймворков для реализации api.  Будет плюсом:  Участие в соревнованиях по ML/DL; Практический опыт до обучения и работы с open source LLM; Публикации по NLP; Собственные проекты по NLP",100000,170000
Data Scientist,Москва,От 3 до 6 лет,"Python, SQL, Big Data, Математический анализ",150000,250000
Data Scientist middle/senior,Москва,От 3 до 6 лет,"Python, Hadoop, Big Data, Machine Learning",210000,260000
Lead Data Scientist,Москва,Нет опыта,ML,180000,230000
Data Scientist (модельные риски и валидация),Санкт-Петербург,От 1 года до 3 лет,"Математическое моделирование, Анализ данных, Статистический анализ, Валидация моделей, Модельный риск, SQL, Python",180000,280000
Руководитель центра экспертизы по искусственному интеллекту,Москва,От 3 до 6 лет,"Экспертиза в области искусственного интеллекта и машинного обучения: глубокие знания и понимание текущих технологий ИИ, машинного обучения, нейронных сетей, алгоритмов и связанных с ними инноваций Управленческие и лидерские навыки: способность строить и вести команду специалистов, создавать продуктивную рабочую среду, и мотивировать сотрудников",150000,200000
Data Engineer,Екатеринбург,От 3 до 6 лет,"MS SQL, PostgreSQL, Java, Базы данных, Hadoop, MySQL, REST, SCALA, API, REST API, SOAP, Python, HDFS, S3, Spark, Airflow, dbt, Data Lakehouse",240000,280000
Дата аналитик (Отдел анализа конкурентов),Москва,От 1 года до 3 лет,Коммерция,150000,160000
ML Engineer,Москва,От 1 года до 3 лет,"Знание классического ML, DL; Опыт работы с Python, PyTorch, Pandas, Numpy; Навыки работы с большими объемами данных; Опыт разработки ML решений полного цикла.",150000,200000
Data Scientist,Москва,От 1 года до 3 лет,"Python, SQL, Анализ данных, Pandas, ML",100000,100000
Data Scientist,Томск,От 3 до 6 лет,"Spark, Hive, MLFlow, ML, AirFlow, MLOps, Forecasting",300000,370000
Data scientist (Персонализация),Москва,От 1 года до 3 лет,"Python, Spark, Oracle, Airflow, Superset, Docker",280000,290000
Data Scientist,Москва,От 3 до 6 лет,"уверенное знание Python (библиотеки: NumPy, Pandas, Scikit-learn, Keras, PyTorch); знания в области машинного обучения и статистики, а также понимание основных алгоритмов ML, используемых в NLP; понимание основных принципов обработки естественного языка, включая токенизацию, лемматизацию, стемминг, извлечение сущностей и классификацию текста; знание основных алгоритмов обучения моделей (линейная регрессия, логистическая регрессия, деревья решений, SVM и Naive Bayes); понимание основных аспектов предобработки текстовых данных: очистка данных, удаление стоп-слов, приведение к нижнему регистру, устранение шума, нормализация текста; знание основных методов оценки моделей, таких как кросс-валидация, ROC-кривые, Precision-Recall кривые, confusion matrix и прочее; опыт обучения моделей глубоких нейронных сетей, понимание архитектур и основных принципов.",90000,140000
"Middle Data Scientist (рекомендательные системы, классификация)",Казань,От 1 года до 3 лет,"Python, SQL, Pandas, sklearn, PyTorch, PySpark",270000,370000
"Machine learning engineer, Middle/Senior",Москва,Нет опыта,"Linux, Git, Bash, Docker",180000,190000
Промт инженер/data scientist (удаленно),Москва,От 3 до 6 лет,"Big Data, Английский язык, Data Mining, Организаторские навыки, Обучение и развитие, Прогнозирование, Работа с большим объемом информации, Работа с базами данных, Аналитические исследования, Data Analysis, Аналитическое мышление",100000,150000
Data Scientist / Machine Learning Engineer,Москва,От 3 до 6 лет,"Успешный опыт построения крупных nlp-based продуктов   Опыт работы с трансформерами  Технологический стек: python + pytorch, spark, docker, git, linux ",180000,230000
Аналитик данных,Москва,От 3 до 6 лет,"Python, SQL, Математическая статистика, Big Data, ML",270000,320000
Senior Data scientist,Москва,От 1 года до 3 лет,"Python, PySpark, ML, NLP, A/B тестирование",210000,240000
Data Engineer,Новосибирск,От 3 до 6 лет,"SQL, Python, ETL, ELT, СУБД, Airflow, dbt, ClickHouse, GreenPlum, Spark, Kafka, Kubernetes",300000,370000
Middle/Senior Data Scientist,Москва,От 3 до 6 лет,"Python, bash, git, SQL, Hadoop",180000,210000
Machine learning Engineer / ML Engineer,Санкт-Петербург,От 3 до 6 лет,"Triton, Python, PyTorch, Git",130000,150000
Data Scientist (nlp),Москва,От 3 до 6 лет,"ML, Python, CatBoost, STT, ASR, LabelStudio",150000,180000
"Data Scientist (Deep Learning), Рекомендации и персонализация",Москва,От 3 до 6 лет,"IT, Разработка поисковых технологий, data science, Python, Deep Learning, Алгоритмы и структуры данных",120000,150000
Data Scientist / Machine Learning Engineer в команду рекомендаций и машинного обучения,Санкт-Петербург,От 1 года до 3 лет,"Python, Machine Learning, Анализ данных, Математическая статистика, Pandas, Numpy, Hadoop",100000,200000
Senior Data Scientist,Санкт-Петербург,От 3 до 6 лет,"SQL, Python, Pandas, ML, machine learning, обучение модели, машинное обучение, NLP, CV, Computer Vision, нейронная сеть",300000,350000
Руководитель направления DS,Московская область,От 3 до 6 лет,"Управление командой, Анализ данных, A/B тесты, Data scientist",180000,190000
Руководитель направления по машинному обучению и анализу больших данных,Москва,Более 6 лет,"Управление командами, Hadoop, Big Data",95000,145000
Data Scientist,Нижний Новгород,От 1 года до 3 лет,"NLP, LLM, Python, PyTorch, Seq2Seq, BERT, T5",180000,230000
Data Scientist,Нижний Новгород,От 1 года до 3 лет,"Python, SQL, Pandas, Git, OCR, CV",280000,330000
Data Engineer,Москва,От 1 года до 3 лет,"Знание SQL на продвинутом уровне (аналитические функции, подзапросы, хранимые процедуры, оптимизация запросов); Отличное знание Python/Scala и библиотеки pySpark; Знание основных понятий и концепций Data Warehousing и Big Data; Опыт разработки ETL-процессов; Опыт работы с большими объемами данных, построения хранилищ и витрин данных; Опыт работы со стеком технологий Big Data (Hadoop, Spark, Hive/Impala, Kafka)",100000,150000
Data Engineer,Томск,От 3 до 6 лет,"MS SQL, PostgreSQL, Java, Базы данных, Hadoop, MySQL, REST, SCALA, API, REST API, SOAP, Python, HDFS, S3, Spark, Airflow, dbt, Data Lakehouse",240000,280000
ML-инженер,Москва,От 3 до 6 лет,"Основной язык: Python, C++. Основной ML фрэймворк: Pytorch. Опыт переноса ML пайплайна с Python на C++. Системы разметки данных для CV: CVAT (или другая подобная). Библиотеки обработки изображений и тензоров: OpenCV, numpy, pillow. Запуск ML модели в продакшн под CPU: Onnx, OnnxRuntime, OpenVino. Общие инструменты разработки: Git, Docker",105000,125000
Data Scientist,Москва,От 1 года до 3 лет,"Python, numpy, pytorch, hadoop, PySpark, SQL",130000,160000
Data-scientist,Москва,Более 6 лет,"ensorflow, pytorch, CUDA, SQL",210000,240000
Research Engineer DL/ML,Москва,От 1 года до 3 лет,"PyTorch, ML, Machine Learning, Линейная алгебра, Python, базовая статистика, Написание научных статей",180000,210000
Data Scientist (Моделирование рисков корпоративного кредитования),Москва,От 1 года до 3 лет,"Python, SQL",270000,370000
Data scientist (ML),Екатеринбург,От 3 до 6 лет,"Python, Machine Learning, SQL, A/B тесты, Docker, Git",150000,200000
Data Scientist / ML engineer,Екатеринбург,От 1 года до 3 лет,"Python, NLP, machine learning, Linux, Docker, Data science, Deep learning, MLFlow, Извлечение сущностей, Поисковые алгоритмы, Git",210000,240000
Senior Data Science,Москва,От 3 до 6 лет,Уметь выкладывать свой код в кластер кубернетес Python - хороший уровень кода Docker - уметь заворачивать решения в контейнер Pytorch - для нейронных сетей FastAPI - для создания REST сервисов по взаимодействию с моделью OpenCV Linux Ubuntu Triton inference server + onnx для инференса,200000,300000
Специалист в группу технического сопровождения,Екатеринбург,От 1 года до 3 лет,"MS SQL, PostgreSQL, API, Базы данных, Техническая поддержка",130000,230000
Data Scientist (middle),Москва,От 1 года до 3 лет,"Python, Numpy, pandas, sklearn, SQL, ML",120000,190000
Дата-инженер (Motion Prediction),Москва,От 3 до 6 лет,"Python, Spark, Dagster, S3, Kafka, Kubernetes",280000,310000
ML engineer,Санкт-Петербург,От 1 года до 3 лет,"Python, SQL, ML, Science, RecSys, PostgreSQL, Анализ данных, Machine Learning, Data Science",210000,280000
Machine Learning Engineer (NLP/LLM),Тюмень,От 3 до 6 лет,"Python, SQL, Английский язык, ML, Машинное обучение, NLP, GPT",100000,170000
Data Scientist (middle),Московская область,От 1 года до 3 лет,"Python, SQL, API",200000,230000
Data Scientist,Московская область,От 3 до 6 лет,"Python, SQL, Pandas, Аналитическое мышление, Базы данных, Machine Learning, Аналитические исследования, Машинное обучение, ML, BigQuery, Greenplum, Clickhouse, Spark",150000,180000
ML Engineer (Рекомендательные системы),Новосибирск,От 3 до 6 лет,"RecSys, рекомендательная система, ml, Python",300000,330000
Machine Learning Engineer,Екатеринбург,От 3 до 6 лет,"Python, Machine Learning, Linux",60000,90000
Data Scientist (middle),Сочи,От 1 года до 3 лет,"Python, SQL, API",300000,370000
Data Scientist,Казань,От 3 до 6 лет,"Опыт Python разработчика (pytorch, opencv), знание ООП, git, numpy, pandas, sklearn",300000,330000
Team Lead DS,Москва,От 3 до 6 лет,"Python, SQL, Анализ данных, Teamleading",100000,150000
Data Engineer,Тюмень,От 3 до 6 лет,"Python, SQL, Apache Airflow, СlickHouse",250000,400000
Machine Learning Engineer (удаленно),Санкт-Петербург,От 3 до 6 лет,"Pytorch, Tensorflow",280000,290000
Аналитик данных,Владивосток,От 1 года до 3 лет,"Анализ данных, Умение работать в коллективе, Python, SQL, MS Excel, Linux",300000,320000
Data Scientist,Москва,От 1 года до 3 лет,"Уверенное владение Python; Понимание принципа работы и построения базовых алгоритмов ML\DL (классический ML, CNN, RNN, Transformer, RL, RecSys, LLM)",100000,200000
Data Science,Москва,От 1 года до 3 лет,"NCL, NPV, RBP, Python, SQL",270000,300000
Data Engineer,Нижний Новгород,От 3 до 6 лет,"GreenPlum, ClickHouse, AirFlow, Python, Debezium, Yandex Cloud, DBT, SQL",180000,200000
Эксперт Группа аналитики и моделирования (Data scientist),Москва,От 1 года до 3 лет,"Python, Математическое моделирование, Математическая статистика, SQL, Machine Learning, Машинное обучение, Data Mining",200000,230000
Data Scientist в команду аукциона,Москва,От 3 до 6 лет,"Python, Big Data, Математическая статистика, Математический анализ, Аналитические исследования, Математическое моделирование, Machine Learning",210000,310000
Архитектор данных,Москва,От 3 до 6 лет,"Базы данных, Моделирование бизнес процессов, Моделирование процессов, Системное мышление, Проектная деятельность, SQL запросы, Cистемы управления базами данных, Внимательность к деталям, способность работать с большими массивами информации, модели данных",280000,330000
Эконометрист / Data scientist,Москва,От 3 до 6 лет,Уверенное владение R или Python (pandas/numpy/sklearn),120000,220000
Аналитик-математик (команда Ранжирования),Тюмень,От 3 до 6 лет,"SQL, Python, Аналитическое мышление, Математический анализ, Математическая статистика, Работа с большим объемом информации, Математическое моделирование",150000,200000
Middle Python Developer,Москва,От 1 года до 3 лет,Уверенное владение R или Python (pandas/numpy/sklearn),300000,320000
Data Scientist,Москва,От 3 до 6 лет,"Уверенное владение Python. Опыт работы с библиотеками и фреймворками Data Science, такими как pandas, sklearn, scipy, matplotlib, catboost и др. Знание основ статистического анализа и его применение. Опыт проведения A/B тестирования. Понимание классических методов и алгоритмов машинного обучения, с опытом их применения на практике. Базовые навыки SQL запросов. Опыт работы с Git и Docker.  Будет плюсом:  Опыт работы с MLflow / KubeFlow / ClearML. Знание GitLab CI/CD. Опыт работы с Airflow / Argo",280000,330000
Data инженер,Москва,От 1 года до 3 лет,"SQL, Python",120000,130000
Analytics Engineer в команду Experimentation platform,Москва,От 1 года до 3 лет,"Python, ClickHouse, SQL, Airflow",180000,210000
MLOps/ML Инженер,Новосибирск,От 3 до 6 лет,"Вы знаете основные Machine Learning алгоритмы, умеете использовать numpy, pandas, scipy, matplotlib и готовы работать с ключевыми ML библиотеками (XGBoost, Scikit-learn, LightGBM); Обладаете уверенным знанием Python и опытом разработки API (Flask Django, FastAPI); Пользуетесь инструментами командной строки в linux-системах; Есть опыт работы с opensource MLOps решениями (AirFlow, MLFlow, Seldon Core или их аналогами); Используете Docker в повседневной работе и применяете DevOps практики (git, CI/CD); Понимаете, в чем отличие Kafka от RabbitMQ; Уверенно пользуетесь SQL и обладаете опытом работы с реляционными СУБД (например, PostgreSQL)",150000,220000
Data Scientist (Middle),Московская область,От 1 года до 3 лет,"знание математической статистики; Python (pandas, sklearn, xgboost, lightgbm, matplotlib etc.); Отличное знание SQL; Владение инструментами из стека Hadoop (Hive, Spark); Опыт работы с Git, Confluence",180000,230000
Data Engineer,Тюмень,От 1 года до 3 лет,"Hadoop, SQL",100000,150000
ML engineer,Москва,От 3 до 6 лет,"Желателен опыт в решении ML-задач из банковского сектора (скоринги, кредитные риски и пр.) Опыт лидирования стримов с технической точки зрения, управления командой DS и ML-специалистов; Опыт и решенные практические задачи с использованием методов ML и DL (Python) Опыт работы с системами больших данных (Spark), Понимание общей культуры современной разработки: Git, работа по спринтам в SAFe фреймворке",180000,210000
ML-инженер,Москва,От 1 года до 3 лет,"Python, SQL, Big Data, Machine Learning, ML",150000,220000
Менеджер по управлению данными,Нижний Новгород,От 1 года до 3 лет,DAMA DMBOK,180000,230000
Data Scientist,Новосибирск,От 3 до 6 лет,"Python, PySpark, Big Data, Machine Learning",120000,140000
Data analyst,Москва,От 1 года до 3 лет,"PostgreSQL, ClickHouse, PowerBI, Python, A/B тесты",180000,210000
Computer Vision Engineer,Московская область,От 3 до 6 лет,"Владение Python; Отличное знание PyTorch;  Опыт в решении задач object detection/ocr;   Знание любого фреймворка (Fast api, Flask , Django , Black sheep и т.п)",270000,290000
Data Scientist,Московская область,От 1 года до 3 лет,"Python, SQL",120000,190000
Data Engineer,Екатеринбург,От 1 года до 3 лет,"Spark, Big Data, Hadoop, Базы данных, Python",300000,350000
ML Инженер,Санкт-Петербург,От 3 до 6 лет,"высокий уровень знания Python; умение декомпозировать задачу в переиспользуемые и тестируемые библиотеки и компоненты; хорошая теоретическая подготовка в областях математики, алгоритмов и структур данных, прикладной статистики; практические знания Git, Bash, Docker; знание SQL",300000,370000
Data Engineer,Нижний Новгород,От 3 до 6 лет,"Greenplum, Teradata, ORACLE, MSSQL, DWH, Python, ETL, Hadoop, CI/CD, Jenkins, Bitbucket, Git, Linux",180000,280000
Аналитик данных NLP,Сочи,От 1 года до 3 лет,"Python, PyTorch, Transformers, NLP, Kubernetes, Kafka, Docker, LLM",180000,210000
Data Scientist,Нижний Новгород,От 1 года до 3 лет,"Kaldi, PyTorch, TensorFlow, librosa, ffmpeg, soxi",200000,250000
Lead Data Engineer,Новосибирск,От 3 до 6 лет,"Greenplum (Arenadata DB), PostgreSQL, Clickhouse",150000,200000
Machine Learning Engineer,Москва,От 3 до 6 лет,"Python, Machine Learning, Linux",200000,220000
Machine Learning Engineer,Томск,От 3 до 6 лет,"Python, Machine Learning, Linux",150000,250000
Machine Learning Engineer,Москва,От 3 до 6 лет,"Python, Machine Learning, Linux",70000,170000
Data Engineer (Middle/ Middle +),Санкт-Петербург,От 1 года до 3 лет,"Работа с базами данных, PostgreSQL, Postgre, Kafka, Английский язык, Базы данных, Docker, Linux, ClickHouse, RabbitMQ, Spark, Airflow, MQ, Выгрузка данных (ETL), ATL, Azure, AWS, Google Cloud",120000,130000
Data Scientist (Middle),Московская область,От 1 года до 3 лет,"Python, Machine Learning, SQL, Английский язык, Анализ данных, Linux, Математическая статистика, Статистический анализ, Статистика, Прогнозирование, Машинное обучение, Data Science, Аналитические исследования",180000,250000
Team-Lead Data Science,Москва,От 3 до 6 лет,"Python, Docker, Kubernetes, RESTAPI",300000,350000
Data Scientist Микротранзит,Санкт-Петербург,От 1 года до 3 лет,"Python, Data Science, ML-модели, Machine Learning, SQL, Docker, Kubernetes, ClickHouse",120000,220000
Эксперт направления анализа данных и моделирования,Москва,От 1 года до 3 лет,"SQL, Python, Математическая статистика, Анализ данных",270000,370000
Старший аналитик по валидации моделей рыночного риска,Москва,От 1 года до 3 лет,"Python, SAS, SQL",210000,280000
Дата инженер,Москва,От 3 до 6 лет,"Опыт настройки и администрирования БД, которые используются у нас - Clickhouse и Postgres (опыт с Oracle или MySQL тоже подойдет);   Глубокое знание принципов организации логической структуры таблиц и ETL процессов на текущем месте работы;   Знание Python, либо желание на него перейти с другого языка с ОП",120000,190000
Data Scientist (CV+NLP),Сочи,От 1 года до 3 лет,"Pytorch, OpenCV, HuggingFace, Torchvision",100000,130000
"Инженер ML-группы, NLP, Ozon Fintech",Тюмень,От 3 до 6 лет,"Python, ML, NLP",200000,220000
Data Scientist,Москва,От 3 до 6 лет,"Python, Git, Hadoop/Spark, SQL, Linux",180000,230000
Architect AI (Remote) / Архитектор ИИ (Solution),Новосибирск,От 1 года до 3 лет,"MicroKernel, UML, ArchiMate, EDA, SOA, DDD, MSA, GoF, GRASP, TOGAF, Kubernetes, OpenShift, RabbitMQ, Apache, Kafka, PostgreSQL, Redis, Hadoop",150000,200000
Data инженер,Санкт-Петербург,От 1 года до 3 лет,"Big Data, ETL, MS SQL, Базы данных, Анализ данных",280000,380000
Data Scientist,Москва,От 3 до 6 лет,"pandas, TensorFlow, PyTorch, Scikit-learn",210000,280000
Программист Data Science (распознавание речи),Новосибирск,От 1 года до 3 лет,"Python, NLP, ML, Pytorch, Cuda, Neural Network, Speech Recognition",150000,180000
AI Project Manager (Data Scientist),Москва,От 3 до 6 лет,"Pandas, NumPy, SciPy, sklearn, SQL",150000,220000
Data Scientist (Алгоритмы оптимизации),Москва,От 3 до 6 лет,"Python, C++, Математическая статистика, Методы оптимизации",150000,220000
Data Engineer,Москва,От 1 года до 3 лет,"Scala / Python Hadoop (hdfs, hive) Apache Spark Airflow",300000,310000
ML разработчик (отдел технического зрения),Москва,От 1 года до 3 лет,"C++, Linux, Математическое программирование, ML, нейросети, облако точек, система управления, ROS2, Machine Learning",180000,250000
ML инженер / Data scientist,Москва,От 1 года до 3 лет,"Python, PyTorch, TensorFlow",210000,220000
Senior Computer Vision Engineer,Московская область,От 3 до 6 лет,"Python, Git, Docker, Machine Learning, Stable Diffusion, PyTorch, Computer Vision",150000,180000
Team Lead Data Scientist,Москва,От 3 до 6 лет,"Python, pd, lgd",120000,150000
Специалист по ведению данных ТОиР,Москва,От 1 года до 3 лет,"НСИ, MDM, ТОиР, 1С",80000,100000
Machine Learning Engineer (удаленно),Нижний Новгород,От 3 до 6 лет,построение рекомендаций с нуля,100000,150000
Machine Learning Engineer в Knowledge Base capitalization,Москва,От 1 года до 3 лет,"LLM, NLP, Python",120000,150000
Machine Learning Engineer (CV),Санкт-Петербург,От 3 до 6 лет,"Cross-validation, Machine Learning, Python, Docker, K8S",280000,310000
Аналитик мониторинга ПВР моделей,Москва,От 3 до 6 лет,"владение Python (pandas, numpy, seaborn, matplotlib); владение SQL; опыт работы с Hadoop, Spark ",100000,170000
Middle Data Engineer,Московская область,От 3 до 6 лет,"Python, SQL, Hadoop, Spark, Airflow",250000,300000
Data Scientist (middle),Казань,От 1 года до 3 лет,"Python, SQL, API",270000,370000
Старший Data Scientist в команду поискового ранжирования,Томск,От 1 года до 3 лет,"Python, Big Data, Machine Learning, ML",200000,270000
Machine Learning Engineer (CV),Москва,От 3 до 6 лет,"Cross-validation, Machine Learning, Python, Docker, K8S",80000,100000
Data Engineer,Томск,От 1 года до 3 лет,"Data Engineer, Big Data, PostgreSQL, Python, ETL, Data lake, Хранилище данных, витрины данных, NiFi",150000,160000
Data Engineer,Новосибирск,От 3 до 6 лет,"SQL, Python, Airflow, ORACLE, Postgres, Git, Clickhouse, ETL, Jira, Trello",55000,65000
Data scientist,Москва,От 1 года до 3 лет,"Кластерный анализ, SQL, Анализ данных, Python, MS SQL, Data Analysis, Базы данных, Аналитика, Математическая статистика, Аналитическое мышление",120000,150000
Специалист по сегментации и кластеризации данных,Томск,От 3 до 6 лет,"SQL, Python, Работа с базами данных, Математическое моделирование, Аналитические исследования, Сегментирование аудитории, Кластерный анализ",120000,170000
Data scientist (Middle/Middle+),Москва,От 3 до 6 лет,"ML, Data Science, Python, SQL, Hive, PostgreSQL, Greenplum, Airflow, MLflow, Docker, FastAPI, PySpark",180000,190000
Data Scientist (Middle),Москва,От 1 года до 3 лет,"Python, Machine Learning, Pandas, SQL, Numpy, Big Data, NLP, Sas",100000,130000
Middle Computer Vision Engineer,Санкт-Петербург,От 1 года до 3 лет,"NumPy, Pandas, OpenCV, Sklearn, Matplotlib",180000,210000
Senior Data Scientist,Москва,От 1 года до 3 лет,"SQL, MS SQL, Big Data, Python, Spark, Hadoop, Machine Learning, Математическая статистика, Аналитические исследования, Работа с базами данных, Статистический анализ, Аналитическое мышление, Математический анализ",300000,350000
Data Science,Московская область,От 3 до 6 лет,"Python, SQL, Базы данных, Машинное обучение, NLP",150000,200000
Senior Data Scientist (Прогноз заказов),Москва,От 3 до 6 лет,"Python, SQL, Прогнозирование, Airflow",100000,170000
"Старший Data Scientist, Эффективность рекламы",Москва,От 3 до 6 лет,"IT, поиск, Python, ML, Hadoop, Spark, Yarn, Hive, HDFS, MLFlow, Разработка поисковых технологий",180000,230000
"Data Scientist, Ранжирование поиска",Москва,От 3 до 6 лет,"Python, data science, Разработка поисковых технологий, IT",270000,290000
Reinforcement learning in multi-modal medical imaging specialist (Junior),Москва,От 1 года до 3 лет,"Разработки на Python3 от 1 года; Глубокие знания и опыт работы с PyTorch; Опыт работы с медицинскими изображениями и медицинскими заключениями; Знание статистики, алгоритмов машинного обучения и теории нейронных сетей; Опыт работы с Docker и Kubernetes",130000,230000
Middle Computer Vision Engineer,Новосибирск,От 1 года до 3 лет,"NumPy, Pandas, OpenCV, Sklearn, Matplotlib",100000,170000
Data Scientist (математическое моделирование),Нижний Новгород,От 3 до 6 лет,"PD, LGD, Математическое моделирование, Python",210000,260000
Data scientist (ML),Сочи,От 3 до 6 лет,"Python, Machine Learning, SQL, A/B тесты, Docker, Git",120000,150000
Администратор баз данных,Санкт-Петербург,От 1 года до 3 лет,"SQL, Linux, Работа с базами данных",120000,170000
Аналитик данных,Тюмень,От 3 до 6 лет,"SQL, Python, Математическая статистика, Математический анализ, Machine Learning, Numpy, Pandas",180000,230000
Data Scientist (CV+NLP),Сочи,От 3 до 6 лет,"Python, PyTorch, Hadoop, Computer Vision, NLP",200000,250000
Senior Data Scientist,Екатеринбург,От 3 до 6 лет,"Python, SQL, Spark, Базы данных, PHP, ClickHouse, Elastic Search, MySQL, SCALA, TypeScript",330000,450000
"Data scientist, проекты по разработке симуляционных моделей, моделей оценки стресс-тестирования",Москва,От 3 до 6 лет,"Python, Математическая статистика, SQL, Анализ рисков, Английский язык",100000,150000
Middle \ Senior Data scientist (команды CRM и модели оптимизации),Москва,От 1 года до 3 лет,"Python, Hadoop, Spark, ML, DL",130000,200000
ML&Optimization engineer,Москва,От 3 до 6 лет,ML и DL (Python),300000,350000
Middle Computer Vision Engineer,Москва,От 1 года до 3 лет,"NumPy, Pandas, OpenCV, Sklearn, Matplotlib, CI/CD",300000,310000
"Data Engineer (PostgreSQL, Greenplum)",Москва,От 1 года до 3 лет,"Понимание типовой архитектуры хранилищ и принципов работы реляционных баз данных; Уверенное владение любым из диалектов SQL: Microsoft, Postgre, Oracle, другие; Умение писать поддерживаемый и масштабируемый код, опыт работы с Python",150000,250000
Data Engineer (Perception),Москва,От 3 до 6 лет,"Python, Spark, Dagster, S3, Kafka, Kubernetes",280000,290000
Data Scientist (LLM) в команду рекомендаций,Москва,От 3 до 6 лет,"Python, Machine Learning",100000,110000
Data scientist TTS (Text To Speech),Москва,От 3 до 6 лет,"TTS, Text to speach, NumPy, Matplotlib, pandas, PyTorch, Transformers",200000,300000
Специалист в группу технического сопровождения,Москва,От 1 года до 3 лет,"MS SQL, PostgreSQL, API, Базы данных, Техническая поддержка",300000,350000
"Senior DS/ML Developer (LLM/NLP, ASR)",Москва,Более 6 лет,"machine learning, pytorch, torchaudio, LangChain, Saiga-2, fastText, kaldi, Milvus, cython, C++, SQL, RabbitMQ, PostgreSQL, FreeSwitch",180000,250000
Team Lead Data Science,Санкт-Петербург,От 3 до 6 лет,"Python, Big Data, SQL, Hadoop, АВ-тестирование, Математическая статистика, Математический анализ",150000,250000
Middle Research Engineer,Москва,От 3 до 6 лет,"Pytorch, Git, Docker, Deep learning, Python, Jira",100000,150000
Data Scientist (Deep Learning for Demand Forecast),Санкт-Петербург,От 3 до 6 лет,"Deep Learning, Прогнозирование, Time Series",55000,105000
NLP разработчик,Нижний Новгород,От 3 до 6 лет,"NLP, Python, Machine Learning, Deep Learning, Numpy, Алгоритмы, Машинное обучение, ML, Git",270000,290000
Middle+/Senior Data Scientist (модели кредитного риска),Москва,От 3 до 6 лет,"Python3 (numpy, pandas, scikit-learn, xgboost, lightgbm, catboost, etc), git",180000,230000
Data Engineer,Московская область,От 3 до 6 лет,"PostgreSQL, ETL, DWH, ClickHouse",300000,330000
Руководитель направления (team lead) Data Science,Москва,От 3 до 6 лет,"python, pandas, numpy, визуализация (matplotlib, seaborn, plotly, пр.), sklearn,CatBoost, XGBoost, LightGBM, Git, Flask, FastAPI- для получения данных: SQL (PostgreSQL)- для мониторинга: Grafana",180000,230000
Data Engineer (middle),Москва,От 1 года до 3 лет,"Python, SQL",210000,240000
"Senior ML Engineer (Senior Data Scientist), Маркетплейс, Цены и анализ конкурентов",Москва,От 3 до 6 лет,"PyTorch, PySpark, Python, ML",180000,230000
Data Engineer,Москва,От 1 года до 3 лет,"Python, Java, Scala, SQL",280000,330000
Data Engineer Управления разработки продукта программного обеспечения автономного вождения,Москва,От 1 года до 3 лет,"Python, Spark, Big Data, Dagster, Kafka, Airflow, C++, геоданные, SQL, ETL",120000,170000
Machine Learning Engineer,Нижний Новгород,От 3 до 6 лет,"Python, Machine Learning, Linux",180000,210000
"Computer Vision (CV, Python, C++) инженер",Москва,От 1 года до 3 лет,"Python, OpenCV",200000,250000
Machine Learning Engineer,Новосибирск,От 3 до 6 лет,"Python, Machine Learning, Linux",75000,105000
Senior Data Scientist (Pricing),Московская область,От 3 до 6 лет,"Python, Machine Learning, Big Data, ML, Spark",120000,170000
Data Scientist,Москва,От 3 до 6 лет,"matplotlib, seaborn, plotly, pandas, numpy, scikit-learn, scipy, statsmodels",150000,200000
Senior Data Scientist,Москва,От 3 до 6 лет,"Python, SQL, Machine Learning, Анализ данных",150000,180000
Senior Data Engineer,Новосибирск,От 3 до 6 лет,"Python, Docker, Pandas, Kafka, Kubernetes, Luigi, Clickhouse",250000,260000
Middle/Senior Data Scientist в команду NLP,Екатеринбург,От 3 до 6 лет,"NLP, Python, PyTorch, Data Science, Numpy, Sklearn",100000,150000
Data Scientist Middle+/Senior,Санкт-Петербург,От 3 до 6 лет,"Pandas, Matplotlib, Numpy, Scipy, Sklearn, SQL",130000,160000
Data engineer,Санкт-Петербург,От 1 года до 3 лет,"ClickHouse, Pythоn, SQL, AirFlow, Spark, Apache Kafka, Yandex Cloud, Big Data, Kubernetes, FastAPI\Flask API",130000,180000
ML Engineer,Московская область,От 3 до 6 лет,"Python, SQL, Spark",270000,340000
Разработчик ETL,Москва,От 3 до 6 лет,"SAP BusinessObject, SAP DataIntegrator, MS SQL, Oracle",200000,230000
ML Engineer RecSyS,Санкт-Петербург,От 3 до 6 лет,"Python, SQL",300000,350000
Разработчик алгоритмов оптимизации,Санкт-Петербург,От 3 до 6 лет,"Математическое моделирование, Java, Kotlin",180000,230000
Machine Learning / Computer Vision Engineer,Москва,От 3 до 6 лет,"Python, PyTorch, Machine Learning, Deep Learning, OpenCV, Алгоритмы, Resnet, Mobilenet, U-net, Yolo, Deeplab, Computer Vision, Английский язык, GitLab CI",210000,260000
Computer Vision Engineer C/C++,Московская область,От 1 года до 3 лет,"OpenCV, PyTorch, Gstreamer, Nvidia Triton Server (TRT), OpenVINO, С++",210000,230000
Middle Computer Vision Engineer,Новосибирск,От 1 года до 3 лет,"NumPy, Pandas, OpenCV, Sklearn, Matplotlib, git",120000,130000
Data engineer,Новосибирск,От 3 до 6 лет,"SQL, Python, Kafka, Docker",130000,200000
Senior/Lead Data Scientist,Москва,От 3 до 6 лет,"Python, classic ML, Data Science, SQL, Airflow, MLflow, Deep Learning",270000,300000
Machine Learning / Machine Learning Ops Engineer,Московская область,От 1 года до 3 лет,"Опыт работы с DVC, MLFlow, Airflow, Docker; Уверенное знание PostgreSQL, Redis, Kafka, ClickHouse; Опыт разработки REST-сервисов (FastApi (Flask, Django) + aiohttp); Умение работать с git",270000,320000
Data Analytics Team Lead,Москва,От 1 года до 3 лет,"Python, SQL, ML",180000,200000
Data Scientist (модели PD/LGD/EAD),Нижний Новгород,От 1 года до 3 лет,"Python, ML, Data Science, Анализ данных",100000,110000
Middle Data Science,Сочи,От 3 до 6 лет,"PostgreSQL, Python, SQL, MLFlow, Airflow",120000,150000
ML engineer,Новосибирск,От 1 года до 3 лет,"Python, SQL, ML, Science, RecSys, PostgreSQL, Анализ данных, Machine Learning, Data Science",130000,150000
Руководитель управления моделирования по автострахованию,Москва,От 1 года до 3 лет,Python,180000,230000
Senior Data Engineer,Санкт-Петербург,От 1 года до 3 лет,"ClickHouse, Pythоn, SQL, AirFlow, Spark, Apache Kafka, Yandex Cloud, Big Data, Kubernetes, FastAPI\Flask API, Java",180000,280000
TeamLead Data Scientist,Санкт-Петербург,От 3 до 6 лет,"Python, SQL, PySpark, Pandas, PyTorch, RecBole, Scikit-learn, MLFlow, AirFlow, Prefect, Luigi",280000,310000
DBA (Администратор баз данных),Москва,Более 6 лет,"PostgreSQL, MySQL",150000,180000
Lead Data Engineer,Москва,От 3 до 6 лет,"Greenplum (Arenadata DB), PostgreSQL, Clickhouse",300000,320000
Data Scientist,Москва,От 3 до 6 лет,"Python, SQL, MS SQL, ORACLE, PostgreSQL, Git, ETL, Hadoop, Airflow, Spark",200000,250000
Teamlead Data Science,Москва,От 3 до 6 лет,"Python, Big Data, Kubernetes, FastAPI, Pytorch, Triton inference server, OpenCV, Docker, Умение принимать решения, Организаторские навыки, Управление командой, Работа с большим объемом информации",280000,290000
Senior Data scientist,Москва,От 3 до 6 лет,"Python ML stack, Python NLP stack, JupyterLab",270000,370000
DevOps инженер,Москва,Более 6 лет,"Hadoop, Spark, Airflow, Docker",180000,280000
Data Scientist/ML Engineer,Томск,От 3 до 6 лет,"SQL, Python, Machine learning, Data Analysis",180000,230000
Data scientist Middle\Senior (кредитный скоринг),Москва,От 1 года до 3 лет,"Python, ООП, ML",150000,200000
Data scientist (команда Collection),Москва,От 3 до 6 лет,"SQL, Python, Математическое моделирование, Big Data, ML",100000,170000
Data Scientist (middle),Москва,От 1 года до 3 лет,"SQL, ETL, Power BI, Yandex Cloud Platform",130000,200000
Data Scienti​​​​​​​st ,Москва,От 3 до 6 лет,"Python, jupyter, pycharm, sql, pyspark, sparkML, git, jira, confluence",210000,260000
Data Analyst в команду DS,Московская область,От 1 года до 3 лет,"SQL, Data Analysis",270000,290000
Data Scientist (Scoring),Москва,От 3 до 6 лет,"Опыт построения моделей с помощью классического ML-стека; Любовь к Python, ООП и структурам данных; Навыки работы с (py)Spark, Уверенные знания SQL, теории вероятности и статистики; Кейсы с применением собственных методик в анализе данных и построении моделей на табличных данных; Хорошие отношения с Git, Jira, Confluence",300000,310000
"Ведущий Data Scientist, Ранжирование поиска",Москва,От 3 до 6 лет,"Python, data science, Разработка поисковых технологий, IT",180000,230000
Data Scientist (NLP AI),Московская область,От 3 до 6 лет,"NLP, Llama, LoRA",200000,210000
Senior ML инженер,Санкт-Петербург,Более 6 лет,"PostgreSQL, ClickHouse, PyTorch, Tensorflow, Scikit-learn, ML, Golang",100000,110000
Data Engineer,Москва,От 1 года до 3 лет,"Apache Kafka, SQL",100000,120000
"ML Data Scientist (Middle, Senior)",Москва,От 3 до 6 лет,"Python, Machine Learning, Bokeh, Plotly, SQL",270000,320000
Senior Machine Learning Engineer,Москва,От 3 до 6 лет,"PySpark, Airflow, Hadoop",100000,110000
Data Engineer / Big Data Engineer,Москва,От 3 до 6 лет,"Hadoop, Spark, Hive, Map Reduce, Data streaming (Kafka, NiFi), Greenplum; Python Application Server (Anaconda); Jupiter notebook, Jupiter Hub; Red Hat, Ubuntu, CentOS; GitLab",120000,150000
Data Scientist (Моделирование рисков розничного кредитования),Москва,От 3 до 6 лет,"Python, pd, lgd, SQL",100000,150000
Data scientist,Москва,От 3 до 6 лет,"SQL, ML",270000,340000
Специалист в группу технического сопровождения,Новосибирск,От 1 года до 3 лет,"MS SQL, PostgreSQL, API, Базы данных, Техническая поддержка",45000,145000
ML Engineer,Москва,От 3 до 6 лет,"deep learning (Reinforcement Learning, RNN, LSTM); знание инструментов AutoML; опыт работы с Apache NiFi; отличное знание Python (scikit-learn, pandas, numpy, scipy, xgboost, tensorflow/pytorch, keras) Scala",180000,210000
Senior Data инженер в команду Data Финансовой платформы,Москва,От 3 до 6 лет,"Python, Scala",280000,300000
Data Scientist,Москва,От 3 до 6 лет,"Python, PyTorch, Tensorflow, Pandas, Numpy, Xgboost, Catboost, HuggingFace, Arima",80000,180000
Lead Data Engineer,Москва,От 3 до 6 лет,"Python, PL/pgSQL и SQL",100000,170000
Lead Data Engineer,Москва,От 3 до 6 лет,"Python, PL/pgSQL и SQL",200000,210000
ML Engineer,Москва,От 3 до 6 лет,"Python, Docker, SCALA, Hadoop, Big Data, Spark, Machine Learning",300000,350000
Системный архитектор (Data Warehouse),Новосибирск,От 3 до 6 лет,"PostgreSQL, MS SQL Server, DWH, Power BI, Базы данных, ETL",300000,330000
Senior Data Engineer / Senior Big Data Engineer,Москва,От 3 до 6 лет,"Python Application Server (Anaconda); Jupiter notebook, Jupiter Hub; Red Hat, Ubuntu, CentOS; GitLab",150000,200000
Data Scientinst (NLP),Москва,От 3 до 6 лет,"Python: PyTorch, Transformers, Peft, Scikit-learn, Pandas; Spark, GitLab, Docker, Kubernetes, AirFlow; Hadoop, PostgreSQL, Kafka; Jira, Confluence",100000,150000
Data Engineer AI (удаленно),Московская область,От 3 до 6 лет,"Python, DWH, PostgresSQL, CRM, ERP, SQL, ETL, PowerBI, PostgreSQL, Power BI, ML",220000,340000
ML Engineer,Москва,От 3 до 6 лет,"Python, Machine Learning, Hadoop, Spark, Big Data, Kafka, Airflow",120000,220000
Computer Vision engineer (Team lead),Москва,От 3 до 6 лет,"Python, Linux, OpenCV, PyTorch, Computer Vision",280000,330000
Team Lead Data Scientist,Москва,От 3 до 6 лет,"ML, NLP (Python)",180000,230000
Senior NLP Researcher,Казань,От 3 до 6 лет,"PyTorch, TensorFlow, Transformers, T5, Bert, HuggingFace, ChatGPT, Deep Learning, NLP, Data Science, Machine Learning, ML",55000,125000
"Ведущий Data Scientist, Ранжирование поиска",Москва,От 3 до 6 лет,"Python, data science, Разработка поисковых технологий, IT",180000,250000
Data collection engineer,Москва,От 3 до 6 лет,"QA, MLOps/DevOps",180000,230000
Data Engineer Senior/Lead,Новосибирск,От 3 до 6 лет,"Kafka, DWH, ClickHouse, Greenplum, Airflow, Hadoop, Spark",190000,290000
Data scientist senior,Московская область,От 3 до 6 лет,"data science, Python, SQL",150000,180000
Data Scientist,Москва,От 3 до 6 лет,"Scikit-learn, TensorFlow, XGBoost, CatBoost",300000,370000
TeamLead DS,Москва,Более 6 лет,"Python, PySpark, Pandas, PyTorch, RecBole, Scikit-learn, MLFlow",200000,230000
Data engineer/BI-аналитик,Тюмень,От 3 до 6 лет,"SQL, PostgreSQL, СУБД, Java, Power BI",270000,370000
Deep Learning Engineer (Motion Prediction),Казань,От 3 до 6 лет,"C++, Python, Cuda, Computer vision, Deep Learning",120000,170000
Руководитель направления MLOps,Москва,От 3 до 6 лет,"ORACLE, Hadoop, Big Data, PostgreSQL, Spark, FastApi, AirFlow",180000,210000
Data инженер,Московская область,От 3 до 6 лет,"Clickhouse, АirFlow, Postgres, Grafana, Prometheus",270000,370000
Эксперт по разработке моделей (модели PD/LGD/EAD),Новосибирск,От 1 года до 3 лет,"SQL, Python, ML",210000,230000
Middle \ Senior Data Scientist в команду моделирования розничного бизнеса,Казань,От 1 года до 3 лет,"Python, SQL, Математическое моделирование, Математический анализ, R",270000,300000
Team Lead Data Scientist (RecSys),Казань,От 3 до 6 лет,"Machine learning, Data science, RecSys",270000,300000
Руководитель группы машинного обучения,Москва,От 3 до 6 лет,"Python, Управление командой",300000,370000
Data Science Team Lead,Москва,От 3 до 6 лет,"PySpark, Airflow, Hadoop, redis, rabbitMQ, k8s, LLM, NLP",120000,170000
Стажер - разработчик скоринговых карт,Санкт-Петербург,Нет опыта,"SQL, Python, Базы данных, Скоринговая карта, База данных: Oracle, Sas",300000,370000
Team Lead ML,Тюмень,От 3 до 6 лет,"Python, Hadoop, Big Data, Spark, Airflow, SCALA, Hive, ETL, DWH",150000,170000
Data Scientist,Москва,От 3 до 6 лет,"Python, SQL",210000,310000
Эксперт цифровой продуктовой витрины,Санкт-Петербург,От 1 года до 3 лет,"Ценообразование, Power BI, SQL, Кластеризация, регрессия, классификация, методы проверки гипотез",180000,210000
Администратор данных,Казань,От 1 года до 3 лет,"SQL, IBM InfoSphere Guardium",210000,280000
Senior Data Scientist (Ranking&Search),Москва,От 3 до 6 лет,"Python, Big Data, Machine Learning, Hadoop, Hive, Spark, ML",180000,210000
Senior Data Scientist,Новосибирск,От 3 до 6 лет,"Знание R или Python (Pandas, NumPy, Scikit-Learn, LightGBM, XGBoost, CatBoost)",180000,230000
Middle/Senior CV Engineer (OCR/HCR),Тюмень,От 3 до 6 лет,"Python, pytorch, numpy, sklearn, pandas, OCR, CV, OpenCV, docker",150000,160000
Data Engineer,Москва,От 1 года до 3 лет,"Linux, PowerShell, Transact-SQL, Python, С#, SQL",100000,110000
Data Engineer (Middle),Владивосток,От 1 года до 3 лет,"Python, Java, Rust",100000,140000
Middle Data Scientist,Санкт-Петербург,От 3 до 6 лет,"Python, Анализ данных, Git, Docker, LLM, NLP",180000,230000
Бизнес-аналитик,Казань,От 1 года до 3 лет,"SQL, Математическая статистика, Математическое моделирование, Работа с базами данных, Математический анализ, Бизнес-анализ, Статистический анализ, Аналитическое мышление, MS SQL, Финансовый анализ",120000,220000
Ведущий специалист DATA SCIENCE,Москва,От 1 года до 3 лет,"Python, machine learning, SQL, Базы данных",150000,200000
Senior Data Scientist (NLP) в автоматизацию коммуникаций,Московская область,От 3 до 6 лет,"Scikit-learn, HuggingFace, PyTorch",280000,330000
ML Engineer,Москва,От 3 до 6 лет,"Python, Docker, SCALA, Hadoop, Big Data, Spark, Machine Learning",180000,210000
Senior MLE/DS в команду рекомендаций,Москва,От 3 до 6 лет,"ML (GBDT, LR), Kotlin",300000,500000
Team Lead ML Campaining,Санкт-Петербург,От 3 до 6 лет,"Python, ML, Spark, Machine Learning",200000,250000
NLP engineer,Сочи,От 3 до 6 лет,"Python, PostgreSQL, nlp, MATLAB, Анализ данных, PyTorch, Data Science, NLP",200000,270000
Middle NLP Data Scientist (LLM),Москва,От 3 до 6 лет,"Аналитическое мышление, Аналитические исследования, Математическое моделирование, Data Analysis, Machine Learning, Big Data, Прогнозирование, ML, MongoDB, NoSQL, ETL, MATLAB, NLP, LLM-driven, LoRa, RAG, PyTorch",200000,210000
Team Lead ML Engineer,Санкт-Петербург,От 3 до 6 лет,"ML, Data Science",270000,280000
Руководитель отдела Data Science,Москва,Более 6 лет,"pandas, numpy, matplotlib, sklearn, xgboost",130000,180000
Ведущий Data Engineer / Lead (Java),Санкт-Петербург,Более 6 лет,"Java/Scala, Golang, Python",300000,330000
Middle MLE/DS c NLP направленностью,Москва,От 1 года до 3 лет,"Уверенное знание Python (3.8+) понимание, как устроены основные ML и DL алгоритмы (от решающих деревьев до трансформеров) хорошее владение pytorch, torchaudio, docker  опыт работы в ML от 1,5 лет     опыт работать с аудио данными   Будет плюсом:  опыт создания сервисов умение в MLOps ",150000,300000
Senior NLP Engineer,Москва,От 3 до 6 лет,"Transformers, GPT, LLMs, BERT, T5, чат-боты, fairseq",270000,340000
Data Scientist (CoreML + RecSys),Казань,От 1 года до 3 лет,"Python, SQL, PyTorch, Математическая статистика, Keras",100000,110000
Руководитель по развитию цифрового клиентского опыта,Санкт-Петербург,От 3 до 6 лет,"Управление командой, Цифровые каналы, Цифровые продажи, Аналитика данных, Структура и презентация цифр, Командообразование, Бизнес-анализ, Стратегическое мышление, Управление интернет-проектами",210000,260000
Middle/ senior data scientist (разработка моделей для казначейства и рыночных рисков),Москва,От 3 до 6 лет,"Python, SQL, Математическая статистика, Hadoop, Математическое моделирование, Spark, ML",100000,150000
NLP engineer,Москва,От 3 до 6 лет,"Python, PostgreSQL, nlp, MATLAB, Анализ данных, PyTorch, Data Science, NLP",210000,260000
Senior Data science expert в Центр технологий ИИ,Новосибирск,От 3 до 6 лет,"Python, SQL, алгоритмы ML, Pandas, Sklearn, Numpy, Математическая статистика, машинное обучение",300000,400000
Data Scientist,Москва,От 3 до 6 лет,"MongoDB, ElasticSearch, Redis, .NET Core, Python, PostgreSQL, EF Core",150000,220000
Senior Data Scientist NLP,Москва,От 3 до 6 лет,"NLTK, genism, word2vec, Bert",130000,150000
Data Science Lead / Руководитель группы специалистов по машинному обучению и аналитике данных,Москва,От 3 до 6 лет,"Python, SQL",120000,130000
Data scientist,Москва,От 3 до 6 лет,"Python, Spark, SQL, Machine learning, Deep learning, NLP",100000,130000
Middle NLP Data Scientist (LLM),Москва,От 3 до 6 лет,"Аналитическое мышление, Аналитические исследования, Математическое моделирование, Data Analysis, Machine Learning, Big Data, Прогнозирование, ML, MongoDB, NoSQL, ETL, MATLAB, NLP, LLM-driven, LoRa, RAG, PyTorch",280000,310000
Senior Data Scientist,Москва,От 3 до 6 лет,"Python, SQL, PySpark, Pandas, PyTorch, RecBole, Scikit-learn, MLFlow",130000,180000
Data scientist CV (senior),Казань,Более 6 лет,"OpenCV, Data Science, OCR",100000,150000
Senior Data Scientist в команду моделирования партнерств и ИТ - процессов,Санкт-Петербург,От 3 до 6 лет,"Python, Математическое моделирование, Hadoop, Spark, Математическая статистика",100000,130000
Machine Learning Lead engineer,Москва,От 3 до 6 лет,"Machine Learning, ML, C#",270000,280000
Senior Data Scientist,Санкт-Петербург,От 3 до 6 лет,"Python, SQL, PySpark, Pandas, PyTorch, RecBole, Scikit-learn, MLFlow, AirFlow, Prefect, Luigi",210000,220000
"DS NLP (LLM), Senior",Москва,От 3 до 6 лет,"Python, SQL, PySpark, Pandas, PyTorch, RecBole, Scikit-learn, MLFlow",85000,115000
Senior Data Scientist (Rec. system),Санкт-Петербург,От 3 до 6 лет,"Python, SQL, deep learning, ML",150000,220000
Middle/Senior Data Scientist в команду NLP,Московская область,От 3 до 6 лет,"NLP, Python, PyTorch, Data Science, Numpy, Sklearn",210000,260000
Исследователь больших данных/ Middle+ MLE (GeoML),Москва,Более 6 лет,"Яндекс Облако, PySpark в k8s, Jupyterhub, Airflow, MLFlow, Postgres, Gitlab, Grafana",130000,230000
Senior Data Scientist (NLP),Московская область,От 3 до 6 лет,"Python, PyTorch, Clickhouse, Docker, K8S, huggingface",270000,320000
Руководитель направления Data Science,Москва,От 3 до 6 лет,"Python, SQL",280000,350000
Team Lead Data Scientist CV (Generative design),Санкт-Петербург,От 3 до 6 лет,"Machine Learning, Deep Learning, Generative design, AI, ML, CV, Python, LLM",180000,250000
Data Scientist Teamlead NLP,Москва,От 3 до 6 лет,"SQL, Python, PyTorch, Docker, Hadoop, DVC, git",200000,270000
Medical foundation model research data scientist CV+NLP (Middle+),Москва,От 3 до 6 лет,PyTorch,180000,250000
"Data Scientist (Автор курса ""Векторизация и работа с векторами"")",Тюмень,От 3 до 6 лет,"NLP, Python, ML, Математическая статистика",100000,170000
Senior Data Scientist CV (Generative design),Москва,От 3 до 6 лет,"Machine Learning, ML, Data Science, DS, Машинное обучение, CV, Computer Vision, MLE, Deep Learning, DL, Generative Design, GD, Генеративный Дизайн",100000,150000
Ведущий специалист по разработке скоринговых карт,Новосибирск,От 1 года до 3 лет,"SQL, Sas, Базы данных, Скоринговая карта, База данных: Oracle, Python",55000,105000
Lead data scientist (Анализ цены и Trade in),Москва,От 3 до 6 лет,"PyData: Pandas, NumPy, SciPy, scikit-learn, pytorch/keras/TensoFlow, SQL",180000,200000
Senior Data Scientist,Томск,Более 6 лет,"SQL, Анализ данных, A/B тесты, LTV prediction, RecSys, Ulift modeling, Churn prediction",200000,210000
Data engineer (middle+),Новосибирск,От 3 до 6 лет,"Linux, ETL, Apache Kafka, Apache Spark, Apache NiFi, SQL, Python, SCALA, Kubernetes, C#, .NET Framework",150000,180000
"Автор дисциплины ""Задачи NLP в машинном обучении""",Нижний Новгород,От 3 до 6 лет,"NLP, ML, Data Science, Обучение и развитие, Написание текстов",270000,320000